project,path,type,provenance,publication_status,role,alt_pt,alt_en,figma_node,notes,bytes
HORIZON HIS,public/assets/projects/horizon-his/cover/cover-640.webp,cover,derived from existing case visual containing real prototype UI,publish,project cover,Composição editorial com interface do protótipo HORIZON HIS em uma jornada clínica.,Editorial composition featuring the HORIZON HIS prototype interface in a clinical journey.,YAmY8dnWJC7v572Tt3OdfQ / 23007:56408; 19266:177837,Cover excludes unrelated generated logo/copy; HTML must carry project title.,11406
HORIZON HIS,public/assets/projects/horizon-his/cover/cover-1024.webp,cover,derived from existing case visual containing real prototype UI,publish,project cover,Composição editorial com interface do protótipo HORIZON HIS em uma jornada clínica.,Editorial composition featuring the HORIZON HIS prototype interface in a clinical journey.,YAmY8dnWJC7v572Tt3OdfQ / 23007:56408; 19266:177837,Cover excludes unrelated generated logo/copy; HTML must carry project title.,23846
HORIZON HIS,public/assets/projects/horizon-his/cover/cover-1440.webp,cover,derived from existing case visual containing real prototype UI,publish,project cover,Composição editorial com interface do protótipo HORIZON HIS em uma jornada clínica.,Editorial composition featuring the HORIZON HIS prototype interface in a clinical journey.,YAmY8dnWJC7v572Tt3OdfQ / 23007:56408; 19266:177837,Cover excludes unrelated generated logo/copy; HTML must carry project title.,40214
HORIZON HIS,public/assets/projects/horizon-his/cover/cover-1920.webp,cover,derived from existing case visual containing real prototype UI,publish,project cover,Composição editorial com interface do protótipo HORIZON HIS em uma jornada clínica.,Editorial composition featuring the HORIZON HIS prototype interface in a clinical journey.,YAmY8dnWJC7v572Tt3OdfQ / 23007:56408; 19266:177837,Cover excludes unrelated generated logo/copy; HTML must carry project title.,61274
HORIZON HIS,public/assets/projects/horizon-his/evidence/triage-prototype-1600.webp,evidence,crop of existing portfolio case visual,publish,prototype evidence,"Tela de triagem do protótipo HORIZON HIS com acolhimento, sinais vitais e dados gerados.","HORIZON HIS triage prototype screen with intake, vital signs, and generated data.",19266:177837,Validated prototype evidence; do not claim production implementation.,86862
HORIZON HIS,public/assets/projects/horizon-his/evidence/prototype-and-interaction-map-1600.webp,evidence,existing case-study slide crop,publish,interaction evidence,Protótipo de alta fidelidade e mapa de interações usados para validar a visão do HORIZON HIS.,High-fidelity prototype and interaction map used to validate the HORIZON HIS vision.,19266:177837,,53180
SUBITER,public/assets/projects/subiter/cover/light/cover-640.webp,cover,editorial representation based on inspected Figma nodes,publish,active light-theme project cover,"Representação editorial de uma operação digital de inspeção com mapa, ativos, ocorrências e análise assistida por IA.","Editorial representation of a digital inspection operation with map, assets, issues, and AI-assisted analysis.",eh5Xgi0oTZXHspVGaIF9EX / 40001865:25556; 40001865:25557,Approved editorial representation for public use. Not an original or confidential product UI screenshot.,10708
SUBITER,public/assets/projects/subiter/cover/light/cover-1024.webp,cover,editorial representation based on inspected Figma nodes,publish,active light-theme project cover,"Representação editorial de uma operação digital de inspeção com mapa, ativos, ocorrências e análise assistida por IA.","Editorial representation of a digital inspection operation with map, assets, issues, and AI-assisted analysis.",eh5Xgi0oTZXHspVGaIF9EX / 40001865:25556; 40001865:25557,Approved editorial representation for public use. Not an original or confidential product UI screenshot.,23056
SUBITER,public/assets/projects/subiter/cover/light/cover-1440.webp,cover,editorial representation based on inspected Figma nodes,publish,active light-theme project cover,"Representação editorial de uma operação digital de inspeção com mapa, ativos, ocorrências e análise assistida por IA.","Editorial representation of a digital inspection operation with map, assets, issues, and AI-assisted analysis.",eh5Xgi0oTZXHspVGaIF9EX / 40001865:25556; 40001865:25557,Approved editorial representation for public use. Not an original or confidential product UI screenshot.,39350
SUBITER,public/assets/projects/subiter/cover/light/cover-1920.webp,cover,editorial representation based on inspected Figma nodes,publish,active light-theme project cover,"Representação editorial de uma operação digital de inspeção com mapa, ativos, ocorrências e análise assistida por IA.","Editorial representation of a digital inspection operation with map, assets, issues, and AI-assisted analysis.",eh5Xgi0oTZXHspVGaIF9EX / 40001865:25556; 40001865:25557,Approved editorial representation for public use. Not an original or confidential product UI screenshot.,57372
SUBITER,public/assets/projects/subiter/cover/dark/cover-640.webp,cover,editorial representation based on inspected Figma nodes,publish,active dark-theme project cover,"Representação editorial de uma operação digital de inspeção com mapa, ativos, ocorrências e análise assistida por IA.","Editorial representation of a digital inspection operation with map, assets, issues, and AI-assisted analysis.",eh5Xgi0oTZXHspVGaIF9EX / 40001865:25556; 40001865:25557,Approved editorial representation for public use. Not an original or confidential product UI screenshot.,11644
SUBITER,public/assets/projects/subiter/cover/dark/cover-1024.webp,cover,editorial representation based on inspected Figma nodes,publish,active dark-theme project cover,"Representação editorial de uma operação digital de inspeção com mapa, ativos, ocorrências e análise assistida por IA.","Editorial representation of a digital inspection operation with map, assets, issues, and AI-assisted analysis.",eh5Xgi0oTZXHspVGaIF9EX / 40001865:25556; 40001865:25557,Approved editorial representation for public use. Not an original or confidential product UI screenshot.,23938
SUBITER,public/assets/projects/subiter/cover/dark/cover-1440.webp,cover,editorial representation based on inspected Figma nodes,publish,active dark-theme project cover,"Representação editorial de uma operação digital de inspeção com mapa, ativos, ocorrências e análise assistida por IA.","Editorial representation of a digital inspection operation with map, assets, issues, and AI-assisted analysis.",eh5Xgi0oTZXHspVGaIF9EX / 40001865:25556; 40001865:25557,Approved editorial representation for public use. Not an original or confidential product UI screenshot.,41316
SUBITER,public/assets/projects/subiter/cover/dark/cover-1920.webp,cover,editorial representation based on inspected Figma nodes,publish,active dark-theme project cover,"Representação editorial de uma operação digital de inspeção com mapa, ativos, ocorrências e análise assistida por IA.","Editorial representation of a digital inspection operation with map, assets, issues, and AI-assisted analysis.",eh5Xgi0oTZXHspVGaIF9EX / 40001865:25556; 40001865:25557,Approved editorial representation for public use. Not an original or confidential product UI screenshot.,58882
SUBITER,public/assets/projects/subiter/editorial/inspection-map-1400.webp,editorial representation,created from confirmed case capabilities,publish,support visual,Representação editorial de mapa de inspeção e ativos solares.,Editorial representation of an inspection map and solar assets.,40001865:25556,Approved editorial representation for public use. Never present as original or confidential product UI.,27558
SUBITER,public/assets/projects/subiter/editorial/post-inspection-flow-1400.webp,editorial representation,created from confirmed case capabilities,publish,support visual,Representação editorial do fluxo de pós-inspeção em múltiplas etapas.,Editorial representation of a multi-step post-inspection flow.,40001865:25556,Approved editorial representation for public use. Never present as original or confidential product UI.,12748
SUBITER,public/assets/projects/subiter/editorial/ai-review-1400.webp,editorial representation,created from confirmed case capabilities,publish,support visual,Representação editorial de revisão assistida por IA no contexto de inspeções.,Editorial representation of AI-assisted review in an inspection context.,40001865:25556,Approved editorial representation for public use. Never present as original or confidential product UI.,19318
REDE DCC 1.0,public/assets/projects/rede-dcc/cover/cover-640.webp,cover,derived from existing DCC portfolio mockup,publish,project cover,"Sequência visual de estados de pagamento internacional em terminal, da escolha de moeda à aprovação.","Visual sequence of international payment terminal states, from currency choice to approval.",spQg44SAGDgNomAreop2MK / 18:2,"Use as curated case visual; case page should explain state depth, not imply every screen shown.",14434
REDE DCC 1.0,public/assets/projects/rede-dcc/cover/cover-1024.webp,cover,derived from existing DCC portfolio mockup,publish,project cover,"Sequência visual de estados de pagamento internacional em terminal, da escolha de moeda à aprovação.","Visual sequence of international payment terminal states, from currency choice to approval.",spQg44SAGDgNomAreop2MK / 18:2,"Use as curated case visual; case page should explain state depth, not imply every screen shown.",29404
REDE DCC 1.0,public/assets/projects/rede-dcc/cover/cover-1440.webp,cover,derived from existing DCC portfolio mockup,publish,project cover,"Sequência visual de estados de pagamento internacional em terminal, da escolha de moeda à aprovação.","Visual sequence of international payment terminal states, from currency choice to approval.",spQg44SAGDgNomAreop2MK / 18:2,"Use as curated case visual; case page should explain state depth, not imply every screen shown.",49238
REDE DCC 1.0,public/assets/projects/rede-dcc/cover/cover-1920.webp,cover,derived from existing DCC portfolio mockup,publish,project cover,"Sequência visual de estados de pagamento internacional em terminal, da escolha de moeda à aprovação.","Visual sequence of international payment terminal states, from currency choice to approval.",spQg44SAGDgNomAreop2MK / 18:2,"Use as curated case visual; case page should explain state depth, not imply every screen shown.",72426
REDE DCC 1.0,public/assets/projects/rede-dcc/evidence/currency-choice-800.webp,evidence,crop of existing DCC case mockup,publish,transaction state,Estado transacional do fluxo DCC: currency choice.,DCC transactional flow state: currency choice.,18:2,,24296
REDE DCC 1.0,public/assets/projects/rede-dcc/evidence/pin-entry-800.webp,evidence,crop of existing DCC case mockup,publish,transaction state,Estado transacional do fluxo DCC: pin entry.,DCC transactional flow state: pin entry.,18:2,,24954
REDE DCC 1.0,public/assets/projects/rede-dcc/evidence/processing-800.webp,evidence,crop of existing DCC case mockup,publish,transaction state,Estado transacional do fluxo DCC: processing.,DCC transactional flow state: processing.,18:2,,21568
REDE DCC 1.0,public/assets/projects/rede-dcc/evidence/approval-receipt-800.webp,evidence,crop of existing DCC case mockup,publish,transaction state,Estado transacional do fluxo DCC: approval receipt.,DCC transactional flow state: approval receipt.,18:2,,20214
DASA — Canal do Consultor,public/assets/projects/dasa-canal-do-consultor/cover/cover-640.webp,cover,confidentiality-safe editorial portfolio representation,publish,project cover,"Composição editorial do Discovery do Canal do Consultor com mapas, síntese e regras de negócio.","Editorial composition of the Canal do Consultor discovery work with maps, synthesis, and business rules.",,No final product interfaces are shown.,20028
DASA — Canal do Consultor,public/assets/projects/dasa-canal-do-consultor/cover/cover-1024.webp,cover,confidentiality-safe editorial portfolio representation,publish,project cover,"Composição editorial do Discovery do Canal do Consultor com mapas, síntese e regras de negócio.","Editorial composition of the Canal do Consultor discovery work with maps, synthesis, and business rules.",,No final product interfaces are shown.,44498
DASA — Canal do Consultor,public/assets/projects/dasa-canal-do-consultor/cover/cover-1440.webp,cover,confidentiality-safe editorial portfolio representation,publish,project cover,"Composição editorial do Discovery do Canal do Consultor com mapas, síntese e regras de negócio.","Editorial composition of the Canal do Consultor discovery work with maps, synthesis, and business rules.",,No final product interfaces are shown.,77780
DASA — Canal do Consultor,public/assets/projects/dasa-canal-do-consultor/cover/cover-1920.webp,cover,confidentiality-safe editorial portfolio representation,publish,project cover,"Composição editorial do Discovery do Canal do Consultor com mapas, síntese e regras de negócio.","Editorial composition of the Canal do Consultor discovery work with maps, synthesis, and business rules.",,No final product interfaces are shown.,125910
DASA — Canal do Consultor,public/assets/projects/dasa-canal-do-consultor/evidence/discovery-editorial-board-1536.webp,editorial board,existing confidentiality-safe portfolio infographic,publish,discovery evidence,"Painel editorial que sintetiza escala da pesquisa, ecossistema, regras, temas e conexão com Delivery.","Editorial board summarizing research scale, ecosystem, rules, themes, and the connection to Delivery.",,"Editorial reconstruction, not original product UI.",222546
AI-Assisted Design Engineering Operating System,public/assets/projects/ai-assisted-design-engineering/evidence/github-readme-1920.webp,evidence,screenshot-derived publication crop from the authored public GitHub repository,publish,public framework evidence,"Captura do repositório público AI-Assisted Design Engineering Operating System mostrando a proposta, a versão do framework e sua pergunta central sobre continuidade do trabalho com IA.","Capture of the public AI-Assisted Design Engineering Operating System repository showing the framework proposition, version, and central question about continuity in AI-assisted work.",,Real public GitHub evidence. Publication derivative of an immutable source capture; not an editorial reconstruction. Source URL: https://github.com/nelsonseccofilho/ai-assisted-design-engineering-operating-system/blob/main/README.md. Immutable source capture: public/assets/projects/ai-assisted-design-engineering/source-exports/github-readme-repository-master.png. Evidence reference: public commit 2910154799ed28416475a359a9ea536599f38451.,218698
AI-Assisted Design Engineering Operating System,public/assets/projects/ai-assisted-design-engineering/evidence/github-readme-1440.webp,evidence,screenshot-derived publication crop from the authored public GitHub repository,publish,public framework evidence,"Captura do repositório público AI-Assisted Design Engineering Operating System mostrando a proposta, a versão do framework e sua pergunta central sobre continuidade do trabalho com IA.","Capture of the public AI-Assisted Design Engineering Operating System repository showing the framework proposition, version, and central question about continuity in AI-assisted work.",,Real public GitHub evidence. Publication derivative of an immutable source capture; not an editorial reconstruction. Source URL: https://github.com/nelsonseccofilho/ai-assisted-design-engineering-operating-system/blob/main/README.md. Immutable source capture: public/assets/projects/ai-assisted-design-engineering/source-exports/github-readme-repository-master.png. Evidence reference: public commit 2910154799ed28416475a359a9ea536599f38451.,152554
AI-Assisted Design Engineering Operating System,public/assets/projects/ai-assisted-design-engineering/evidence/github-readme-1024.webp,evidence,screenshot-derived publication crop from the authored public GitHub repository,publish,public framework evidence,"Captura do repositório público AI-Assisted Design Engineering Operating System mostrando a proposta, a versão do framework e sua pergunta central sobre continuidade do trabalho com IA.","Capture of the public AI-Assisted Design Engineering Operating System repository showing the framework proposition, version, and central question about continuity in AI-assisted work.",,Real public GitHub evidence. Publication derivative of an immutable source capture; not an editorial reconstruction. Source URL: https://github.com/nelsonseccofilho/ai-assisted-design-engineering-operating-system/blob/main/README.md. Immutable source capture: public/assets/projects/ai-assisted-design-engineering/source-exports/github-readme-repository-master.png. Evidence reference: public commit 2910154799ed28416475a359a9ea536599f38451.,81414
AI-Assisted Design Engineering Operating System,public/assets/projects/ai-assisted-design-engineering/evidence/github-readme-640.webp,evidence,screenshot-derived publication crop from the authored public GitHub repository,publish,public framework evidence,"Captura do repositório público AI-Assisted Design Engineering Operating System mostrando a proposta, a versão do framework e sua pergunta central sobre continuidade do trabalho com IA.","Capture of the public AI-Assisted Design Engineering Operating System repository showing the framework proposition, version, and central question about continuity in AI-assisted work.",,Real public GitHub evidence. Publication derivative of an immutable source capture; not an editorial reconstruction. Source URL: https://github.com/nelsonseccofilho/ai-assisted-design-engineering-operating-system/blob/main/README.md. Immutable source capture: public/assets/projects/ai-assisted-design-engineering/source-exports/github-readme-repository-master.png. Evidence reference: public commit 2910154799ed28416475a359a9ea536599f38451.,40664
AI-Assisted Design Engineering Operating System,public/assets/projects/ai-assisted-design-engineering/evidence/github-readme-mobile-640.webp,evidence,screenshot-derived publication crop from the authored public GitHub repository,publish,public framework evidence,"Captura do repositório público AI-Assisted Design Engineering Operating System mostrando a proposta, a versão do framework e sua pergunta central sobre continuidade do trabalho com IA.","Capture of the public AI-Assisted Design Engineering Operating System repository showing the framework proposition, version, and central question about continuity in AI-assisted work.",,"Real public GitHub evidence. Publication derivative of an immutable source capture; not an editorial reconstruction. Source URL: https://github.com/nelsonseccofilho/ai-assisted-design-engineering-operating-system/blob/main/README.md. Immutable source capture: public/assets/projects/ai-assisted-design-engineering/source-exports/github-readme-mobile-reflow-master.png. Evidence reference: public commit 2910154799ed28416475a359a9ea536599f38451. Mobile source uses native GitHub responsive reflow, not manually reconstructed text.",99908
AI-Assisted Design Engineering Operating System,public/assets/projects/ai-assisted-design-engineering/evidence/github-runtime-tree-1920.webp,evidence,screenshot-derived publication crop from the authored public GitHub runtime directory,publish,Project Runtime architecture evidence,"Estrutura pública do Project Runtime com evidências, sessões, workstreams e arquivos numerados de contexto, governança e registro operacional.","Public Project Runtime structure with evidence, sessions, workstreams, and numbered context, governance, and operational registry files.",,Real public GitHub evidence showing the persistent runtime architecture; explanatory meaning remains in HTML. Source URL: https://github.com/nelsonseccofilho/ai-assisted-design-engineering-operating-system/tree/main/runtime. Immutable source capture: public/assets/projects/ai-assisted-design-engineering/source-exports/github-runtime-tree-master.png. Evidence reference: public commit 2910154799ed28416475a359a9ea536599f38451.,156638
AI-Assisted Design Engineering Operating System,public/assets/projects/ai-assisted-design-engineering/evidence/github-runtime-tree-1440.webp,evidence,screenshot-derived publication crop from the authored public GitHub runtime directory,publish,Project Runtime architecture evidence,"Estrutura pública do Project Runtime com evidências, sessões, workstreams e arquivos numerados de contexto, governança e registro operacional.","Public Project Runtime structure with evidence, sessions, workstreams, and numbered context, governance, and operational registry files.",,Real public GitHub evidence showing the persistent runtime architecture; explanatory meaning remains in HTML. Source URL: https://github.com/nelsonseccofilho/ai-assisted-design-engineering-operating-system/tree/main/runtime. Immutable source capture: public/assets/projects/ai-assisted-design-engineering/source-exports/github-runtime-tree-master.png. Evidence reference: public commit 2910154799ed28416475a359a9ea536599f38451.,99244
AI-Assisted Design Engineering Operating System,public/assets/projects/ai-assisted-design-engineering/evidence/github-runtime-tree-1024.webp,evidence,screenshot-derived publication crop from the authored public GitHub runtime directory,publish,Project Runtime architecture evidence,"Estrutura pública do Project Runtime com evidências, sessões, workstreams e arquivos numerados de contexto, governança e registro operacional.","Public Project Runtime structure with evidence, sessions, workstreams, and numbered context, governance, and operational registry files.",,Real public GitHub evidence showing the persistent runtime architecture; explanatory meaning remains in HTML. Source URL: https://github.com/nelsonseccofilho/ai-assisted-design-engineering-operating-system/tree/main/runtime. Immutable source capture: public/assets/projects/ai-assisted-design-engineering/source-exports/github-runtime-tree-master.png. Evidence reference: public commit 2910154799ed28416475a359a9ea536599f38451.,60038
AI-Assisted Design Engineering Operating System,public/assets/projects/ai-assisted-design-engineering/evidence/github-runtime-tree-640.webp,evidence,screenshot-derived publication crop from the authored public GitHub runtime directory,publish,Project Runtime architecture evidence,"Estrutura pública do Project Runtime com evidências, sessões, workstreams e arquivos numerados de contexto, governança e registro operacional.","Public Project Runtime structure with evidence, sessions, workstreams, and numbered context, governance, and operational registry files.",,Real public GitHub evidence showing the persistent runtime architecture; explanatory meaning remains in HTML. Source URL: https://github.com/nelsonseccofilho/ai-assisted-design-engineering-operating-system/tree/main/runtime. Immutable source capture: public/assets/projects/ai-assisted-design-engineering/source-exports/github-runtime-tree-master.png. Evidence reference: public commit 2910154799ed28416475a359a9ea536599f38451.,33746
AI-Assisted Design Engineering Operating System,public/assets/projects/ai-assisted-design-engineering/evidence/github-runtime-tree-mobile-640.webp,evidence,screenshot-derived publication crop from the authored public GitHub runtime directory,publish,Project Runtime architecture evidence,"Estrutura pública do Project Runtime com evidências, sessões, workstreams e arquivos numerados de contexto, governança e registro operacional.","Public Project Runtime structure with evidence, sessions, workstreams, and numbered context, governance, and operational registry files.",,Real public GitHub evidence showing the persistent runtime architecture; explanatory meaning remains in HTML. Source URL: https://github.com/nelsonseccofilho/ai-assisted-design-engineering-operating-system/tree/main/runtime. Immutable source capture: public/assets/projects/ai-assisted-design-engineering/source-exports/github-runtime-tree-master.png. Evidence reference: public commit 2910154799ed28416475a359a9ea536599f38451.,44362
AI-Assisted Design Engineering Operating System,public/assets/projects/ai-assisted-design-engineering/evidence/github-evidence-ingestion-1920.webp,evidence,screenshot-derived publication crop from the authored public GitHub evidence-ingestion documentation,publish,evidence provenance method,"Documentação pública de Evidence ingestion distinguindo gravação, transcrição, requisito aprovado, implementação e conclusão validada.","Public Evidence ingestion documentation distinguishing recording, transcript, approved requirement, implementation, and validated completion.",,"Real public GitHub evidence. Machine transcription is documented as evidence requiring review, not automatic truth. Source URL: https://github.com/nelsonseccofilho/ai-assisted-design-engineering-operating-system/blob/main/docs/EVIDENCE_INGESTION.md. Immutable source capture: public/assets/projects/ai-assisted-design-engineering/source-exports/github-evidence-ingestion-master.png. Evidence reference: public commit 2910154799ed28416475a359a9ea536599f38451.",107744
AI-Assisted Design Engineering Operating System,public/assets/projects/ai-assisted-design-engineering/evidence/github-evidence-ingestion-1440.webp,evidence,screenshot-derived publication crop from the authored public GitHub evidence-ingestion documentation,publish,evidence provenance method,"Documentação pública de Evidence ingestion distinguindo gravação, transcrição, requisito aprovado, implementação e conclusão validada.","Public Evidence ingestion documentation distinguishing recording, transcript, approved requirement, implementation, and validated completion.",,"Real public GitHub evidence. Machine transcription is documented as evidence requiring review, not automatic truth. Source URL: https://github.com/nelsonseccofilho/ai-assisted-design-engineering-operating-system/blob/main/docs/EVIDENCE_INGESTION.md. Immutable source capture: public/assets/projects/ai-assisted-design-engineering/source-exports/github-evidence-ingestion-master.png. Evidence reference: public commit 2910154799ed28416475a359a9ea536599f38451.",69582
AI-Assisted Design Engineering Operating System,public/assets/projects/ai-assisted-design-engineering/evidence/github-evidence-ingestion-1024.webp,evidence,screenshot-derived publication crop from the authored public GitHub evidence-ingestion documentation,publish,evidence provenance method,"Documentação pública de Evidence ingestion distinguindo gravação, transcrição, requisito aprovado, implementação e conclusão validada.","Public Evidence ingestion documentation distinguishing recording, transcript, approved requirement, implementation, and validated completion.",,"Real public GitHub evidence. Machine transcription is documented as evidence requiring review, not automatic truth. Source URL: https://github.com/nelsonseccofilho/ai-assisted-design-engineering-operating-system/blob/main/docs/EVIDENCE_INGESTION.md. Immutable source capture: public/assets/projects/ai-assisted-design-engineering/source-exports/github-evidence-ingestion-master.png. Evidence reference: public commit 2910154799ed28416475a359a9ea536599f38451.",38256
AI-Assisted Design Engineering Operating System,public/assets/projects/ai-assisted-design-engineering/evidence/github-evidence-ingestion-640.webp,evidence,screenshot-derived publication crop from the authored public GitHub evidence-ingestion documentation,publish,evidence provenance method,"Documentação pública de Evidence ingestion distinguindo gravação, transcrição, requisito aprovado, implementação e conclusão validada.","Public Evidence ingestion documentation distinguishing recording, transcript, approved requirement, implementation, and validated completion.",,"Real public GitHub evidence. Machine transcription is documented as evidence requiring review, not automatic truth. Source URL: https://github.com/nelsonseccofilho/ai-assisted-design-engineering-operating-system/blob/main/docs/EVIDENCE_INGESTION.md. Immutable source capture: public/assets/projects/ai-assisted-design-engineering/source-exports/github-evidence-ingestion-master.png. Evidence reference: public commit 2910154799ed28416475a359a9ea536599f38451.",26746
AI-Assisted Design Engineering Operating System,public/assets/projects/ai-assisted-design-engineering/evidence/github-evidence-ingestion-mobile-640.webp,evidence,screenshot-derived publication crop from the authored public GitHub evidence-ingestion documentation,publish,evidence provenance method,"Documentação pública de Evidence ingestion distinguindo gravação, transcrição, requisito aprovado, implementação e conclusão validada.","Public Evidence ingestion documentation distinguishing recording, transcript, approved requirement, implementation, and validated completion.",,"Real public GitHub evidence. Machine transcription is documented as evidence requiring review, not automatic truth. Source URL: https://github.com/nelsonseccofilho/ai-assisted-design-engineering-operating-system/blob/main/docs/EVIDENCE_INGESTION.md. Immutable source capture: public/assets/projects/ai-assisted-design-engineering/source-exports/github-evidence-ingestion-master.png. Evidence reference: public commit 2910154799ed28416475a359a9ea536599f38451.",51950
AI-Assisted Design Engineering Operating System,public/assets/projects/ai-assisted-design-engineering/evidence/github-commit-291015-1920.webp,evidence,screenshot-derived publication crop from authored public GitHub commit 2910154799ed28416475a359a9ea536599f38451,publish,versioned framework evolution evidence,"Commit público do framework documentando a evolução do README, evidence ingestion e transcrição local com OBS e WhisperX.","Public framework commit documenting the evolution of the README, evidence ingestion, and local OBS/WhisperX transcription guidance.",,Real public GitHub commit evidence. Infrastructure-unavailable hosted CI is not represented as CI PASS. Source URL: https://github.com/nelsonseccofilho/ai-assisted-design-engineering-operating-system/commit/2910154799ed28416475a359a9ea536599f38451. Immutable source capture: public/assets/projects/ai-assisted-design-engineering/source-exports/github-commit-291015-master.png. Evidence reference: public commit 2910154799ed28416475a359a9ea536599f38451.,153138
AI-Assisted Design Engineering Operating System,public/assets/projects/ai-assisted-design-engineering/evidence/github-commit-291015-1440.webp,evidence,screenshot-derived publication crop from authored public GitHub commit 2910154799ed28416475a359a9ea536599f38451,publish,versioned framework evolution evidence,"Commit público do framework documentando a evolução do README, evidence ingestion e transcrição local com OBS e WhisperX.","Public framework commit documenting the evolution of the README, evidence ingestion, and local OBS/WhisperX transcription guidance.",,Real public GitHub commit evidence. Infrastructure-unavailable hosted CI is not represented as CI PASS. Source URL: https://github.com/nelsonseccofilho/ai-assisted-design-engineering-operating-system/commit/2910154799ed28416475a359a9ea536599f38451. Immutable source capture: public/assets/projects/ai-assisted-design-engineering/source-exports/github-commit-291015-master.png. Evidence reference: public commit 2910154799ed28416475a359a9ea536599f38451.,102640
AI-Assisted Design Engineering Operating System,public/assets/projects/ai-assisted-design-engineering/evidence/github-commit-291015-1024.webp,evidence,screenshot-derived publication crop from authored public GitHub commit 2910154799ed28416475a359a9ea536599f38451,publish,versioned framework evolution evidence,"Commit público do framework documentando a evolução do README, evidence ingestion e transcrição local com OBS e WhisperX.","Public framework commit documenting the evolution of the README, evidence ingestion, and local OBS/WhisperX transcription guidance.",,Real public GitHub commit evidence. Infrastructure-unavailable hosted CI is not represented as CI PASS. Source URL: https://github.com/nelsonseccofilho/ai-assisted-design-engineering-operating-system/commit/2910154799ed28416475a359a9ea536599f38451. Immutable source capture: public/assets/projects/ai-assisted-design-engineering/source-exports/github-commit-291015-master.png. Evidence reference: public commit 2910154799ed28416475a359a9ea536599f38451.,65282
AI-Assisted Design Engineering Operating System,public/assets/projects/ai-assisted-design-engineering/evidence/github-commit-291015-640.webp,evidence,screenshot-derived publication crop from authored public GitHub commit 2910154799ed28416475a359a9ea536599f38451,publish,versioned framework evolution evidence,"Commit público do framework documentando a evolução do README, evidence ingestion e transcrição local com OBS e WhisperX.","Public framework commit documenting the evolution of the README, evidence ingestion, and local OBS/WhisperX transcription guidance.",,Real public GitHub commit evidence. Infrastructure-unavailable hosted CI is not represented as CI PASS. Source URL: https://github.com/nelsonseccofilho/ai-assisted-design-engineering-operating-system/commit/2910154799ed28416475a359a9ea536599f38451. Immutable source capture: public/assets/projects/ai-assisted-design-engineering/source-exports/github-commit-291015-master.png. Evidence reference: public commit 2910154799ed28416475a359a9ea536599f38451.,35372
AI-Assisted Design Engineering Operating System,public/assets/projects/ai-assisted-design-engineering/evidence/github-commit-291015-mobile-640.webp,evidence,screenshot-derived publication crop from authored public GitHub commit 2910154799ed28416475a359a9ea536599f38451,publish,versioned framework evolution evidence,"Commit público do framework documentando a evolução do README, evidence ingestion e transcrição local com OBS e WhisperX.","Public framework commit documenting the evolution of the README, evidence ingestion, and local OBS/WhisperX transcription guidance.",,Real public GitHub commit evidence. Infrastructure-unavailable hosted CI is not represented as CI PASS. Source URL: https://github.com/nelsonseccofilho/ai-assisted-design-engineering-operating-system/commit/2910154799ed28416475a359a9ea536599f38451. Immutable source capture: public/assets/projects/ai-assisted-design-engineering/source-exports/github-commit-291015-master.png. Evidence reference: public commit 2910154799ed28416475a359a9ea536599f38451.,73580
